,Results
Alfa-Romeo," Showing 136 results
"
Aston-Martin," Showing 42 results
"
Audi," Showing 2,837 results
"
Austin,Error
Bentley," Showing 57 results
"
BMW," Showing 3,951 results
"
BYD," Showing 32 results
"
Cadillac," Showing 42 results
"
Chery," Showing 9 results
"
Chevrolet," Showing 415 results
"
Chrysler," Showing 172 results
"
Citroen," Showing 154 results
"
Cupra," Showing 44 results
"
Daewoo," Showing 1 result
"
Daihatsu," Showing 113 results
"
Daimler," Showing 14 results
"
Dodge," Showing 257 results
"
DS-Automobiles," Showing 0 results
"
Ferrari," Showing 33 results
"
Fiat," Showing 132 results
"
Ford," Showing 4,603 results
"
Foton," Showing 40 results
"
Geely," Showing 0 results
"
GMC," Showing 45 results
"
GWM," Showing 242 results
"
HAVAL," Showing 389 results
"
Holden," Showing 3,631 results
"
Honda," Showing 2,930 results
"
Hummer," Showing 9 results
"
Hyundai," Showing 2,224 results
"
INFINITI," Showing 17 results
"
Isuzu," Showing 666 results
"
Iveco," Showing 4 results
"
Jaguar," Showing 560 results
"
Jeep," Showing 821 results
"
Kia," Showing 1,817 results
"
Lamborghini," Showing 15 results
"
Lancia," Showing 1 result
"
Land-Rover," Showing 953 results
"
LDV," Showing 361 results
"
Lexus," Showing 1,029 results
"
Lotus," Showing 21 results
"
Mahindra," Showing 40 results
"
Maserati," Showing 105 results
"
Mazda," Showing 6,755 results
"
McLaren," Showing 18 results
"
Mercedes-Benz," Showing 2,637 results
"
MG," Showing 343 results
"
MINI," Showing 735 results
"
Mitsubishi," Showing 4,244 results
"
Morgan," Showing 6 results
"
Morris," Showing 49 results
"
Nissan," Showing 7,320 results
"
Opel," Showing 17 results
"
Peugeot," Showing 576 results
"
Polestar," Showing 10 results
"
Pontiac," Showing 35 results
"
Porsche," Showing 406 results
"
Ram," Showing 80 results
"
Renault," Showing 280 results
"
Riley," Showing 5 results
"
Rolls-Royce," Showing 15 results
"
Rover," Showing 23 results
"
Saab," Showing 13 results
"
SEAT," Showing 29 results
"
Skoda," Showing 501 results
"
Smart,Error
Ssangyong," Showing 525 results
"
Subaru," Showing 3,450 results
"
Suzuki," Showing 2,097 results
"
Tesla," Showing 127 results
"
Toyota," Showing 15,228 results
"
Triumph," Showing 21 results
"
TVR," Showing 5 results
"
Vauxhall," Showing 17 results
"
Volkswagen," Showing 3,328 results
"
Volvo," Showing 592 results
"
Other," Showing 100 results
"
